productName,sku,lot,coaUrl,productId,pageUrl
100x TRF-Ubiquitin Mix,SBB-TR0051-2K,172570051,https://8c0a19bf-a2d2-40b6-a0ea-bfe93aeb6d48.usrfiles.com/ugd/8c0a19_47edc38f148a463ca56e6e8ebb35488d.pdf,1371b3fb-f7b8-aa38-7825-394840212732,https://www.south-bay-bio.com/product-page/100x-trf-ubiquitin-mix
"20S Immunoproteasome Kit, human PBMC",SBB-KP0037,172440038,https://8c0a19bf-a2d2-40b6-a0ea-bfe93aeb6d48.usrfiles.com/ugd/8c0a19_c8dfbf019e494adfab81b361466e849d.pdf,b5e3ac44-1032-713d-a0bd-f2b65218f123,https://www.south-bay-bio.com/product-page/20s-immunoproteasome-kit-human-pbmc-1
"20S Immunoproteasome, human PBMC",SBB-PP0004,163060004,https://8c0a19bf-a2d2-40b6-a0ea-bfe93aeb6d48.usrfiles.com/ugd/8c0a19_116bfa033c474c338f54b773aaa43829.pdf,dee2e738-deca-de5e-310d-ef254298aaeb,https://www.south-bay-bio.com/product-page/20s-immunoproteasome-human-pbmc
"20S Immunoproteasome, Human Spleen",SBB-PP0144,242300144,https://8c0a19bf-a2d2-40b6-a0ea-bfe93aeb6d48.usrfiles.com/ugd/8c0a19_12ee01b34b5740309725a3e5102ccd23.pdf,c77d9128-29e0-02dc-c843-1715f830d5e4,https://www.south-bay-bio.com/product-page/20s-immunoproteasome-human-spleen
"20S Immunoproteasome, mouse Spleen",SBB-PP0083,,https://8c0a19bf-a2d2-40b6-a0ea-bfe93aeb6d48.usrfiles.com/ugd/8c0a19_4bb169dcc59244f9bda274071b25cbba.pdf,da27cfad-77fb-b4b7-355a-278e9c8f48a2,https://www.south-bay-bio.com/product-page/20s-immunoproteasome-mouse-spleen
"20S Immunoproteasome, rat Spleen",SBB-PP0046,,https://8c0a19bf-a2d2-40b6-a0ea-bfe93aeb6d48.usrfiles.com/ugd/8c0a19_9268774379024621a9ea43f67632f7b6.pdf,91216600-acd0-3cda-9f7e-b3a4257b6708,https://www.south-bay-bio.com/product-page/20s-immunoproteasome-rat-spleen
"20S Proteasome Kit, human RBC",SBB-KP0038,172440038,https://8c0a19bf-a2d2-40b6-a0ea-bfe93aeb6d48.usrfiles.com/ugd/8c0a19_9345fea537954518bb0c5ffb51acc119.pdf,ff899fbd-f3da-1624-e1fd-7f76eae4db9e,https://www.south-bay-bio.com/product-page/20s-proteasome-kit-human-rbc
"20S Proteasome, human RBC",SBB-PP0005,163060005,https://8c0a19bf-a2d2-40b6-a0ea-bfe93aeb6d48.usrfiles.com/ugd/8c0a19_9268774379024621a9ea43f67632f7b6.pdf,0ff7352d-34ab-c8d8-fbc0-a89418f4827f,https://www.south-bay-bio.com/product-page/20s-proteasome-human-rbc
"20S Proteasome, mouse RBC",SBB-PP0047,190700047,https://8c0a19bf-a2d2-40b6-a0ea-bfe93aeb6d48.usrfiles.com/ugd/8c0a19_79551e29ea924ea69a243b4d16571070.pdf,0a766df5-c0f3-b466-ca4f-1b284fc4d17f,https://www.south-bay-bio.com/product-page/20s-proteasome-mouse-rbc
"20S Proteasome, rat RBC",SBB-PP0086,,https://8c0a19bf-a2d2-40b6-a0ea-bfe93aeb6d48.usrfiles.com/ugd/8c0a19_35ba610fa1554dabbc3bc8314241b4d5.pdf,59e101db-3f85-7a2c-87c2-23412c0a8d75,https://www.south-bay-bio.com/product-page/20s-proteasome-rat-rbc
26S Proteasome (Human HEK293) (untagged),SBB-PP0101-C025,232510101,https://8c0a19bf-a2d2-40b6-a0ea-bfe93aeb6d48.usrfiles.com/ugd/8c0a19_92e619de92964f9eb16996fd2f38d3f2.pdf,10172f0b-f179-47b9-af3f-8fc1c225413e,https://www.south-bay-bio.com/product-page/26s-proteasome-human-hek293-untagged
Ac-Ala-Asn-Trp-AMC (ANW-AMC),SBB-PS0009,163060009,https://8c0a19bf-a2d2-40b6-a0ea-bfe93aeb6d48.usrfiles.com/ugd/8c0a19_5d9cfd33cf6248a1a00bb142c1b05963.pdf,1d56e61e-697b-4e84-6927-448a09bcc472,https://www.south-bay-bio.com/product-page/ac-ala-asn-trp-amc-anw-amc
Ac-Ala-Asn-Trp-AMC (ANW-AMC),SBB-PS0009,163060009,https://8c0a19bf-a2d2-40b6-a0ea-bfe93aeb6d48.usrfiles.com/ugd/8c0a19_c552f4ab696a43b9a3668fd2e1d3bba1.pdf,1d56e61e-697b-4e84-6927-448a09bcc472,https://www.south-bay-bio.com/product-page/ac-ala-asn-trp-amc-anw-amc
Ac-Pro-Ala-Leu-AMC (PAL-AMC),SBB-PS0007,163060007,https://8c0a19bf-a2d2-40b6-a0ea-bfe93aeb6d48.usrfiles.com/ugd/8c0a19_0665a6119db94cf0bbe342858ca4762f.pdf,d5f50f82-77b4-d426-0380-1d2d364825dc,https://www.south-bay-bio.com/product-page/ac-pro-ala-leu-amc-pal-amc
Ac-Trp-Leu-Ala-AMC (WLA-AMC),SBB-PS0008,163060008,https://8c0a19bf-a2d2-40b6-a0ea-bfe93aeb6d48.usrfiles.com/ugd/8c0a19_29e4fd7ec7fc40278e77e85e55f779aa.pdf,b9112303-b4ab-f015-0168-99f4adfe2130,https://www.south-bay-bio.com/product-page/ac-trp-leu-ala-amc-wla-amc
Biotin-Parkin (PARK2),SBB-CE0107,,https://8c0a19bf-a2d2-40b6-a0ea-bfe93aeb6d48.usrfiles.com/ugd/8c0a19_6933cce35de243beb76e5845cdb62629.pdf,0e474407-d24d-9c8c-1b1b-66e12276cfa8,https://www.south-bay-bio.com/product-page/biotin-parkin-park2
Cullin4a/Rbx1/DDB1/CRBN – E3 Ligase Complex TR-FRET Kit,SBB-KF0120,181480120,https://8c0a19bf-a2d2-40b6-a0ea-bfe93aeb6d48.usrfiles.com/ugd/8c0a19_bbf508f40fc74dec8cb301c4c32f4947.pdf,eac295f5-a9a8-3c36-baff-22a17f6af3d7,https://www.south-bay-bio.com/product-page/cullin4a-rbx1-ddb1-crbn-e3-ligase-complex-tr-fret-kit
"Cy5-Ubiquitin, human recombinant",SBB-TR0015,163060015,https://8c0a19bf-a2d2-40b6-a0ea-bfe93aeb6d48.usrfiles.com/ugd/8c0a19_3d6b43b1abc1427c8bdca1821ddf6f55.pdf,373d489a-fdc9-f2f1-c503-140ddf5ca349,https://www.south-bay-bio.com/product-page/cy5-ubiquitin-human-recombinant
DDB1/Cereblon (CRBN),SBB-SC0116,,https://8c0a19bf-a2d2-40b6-a0ea-bfe93aeb6d48.usrfiles.com/ugd/8c0a19_5df502eb49114497811803ee7b5dc303.pdf,960c8fe3-df07-b417-71c2-4a08fb7c4ccf,https://www.south-bay-bio.com/product-page/ddb1-cereblon-crbn
"Europium-Cryptate Ubiquitin, human recombinant",SBB-TR0014,163060014,https://8c0a19bf-a2d2-40b6-a0ea-bfe93aeb6d48.usrfiles.com/ugd/8c0a19_0cd9a098622d46e085f49d09ad0ed27a.pdf,eb6e6971-d32d-d773-d57d-8b3e3254cd30,https://www.south-bay-bio.com/product-page/europium-cryptate-ubiquitin-human-recombinant
"Europium-Cryptate Ubiquitin, human recombinant",SBB-TR0014,163060014,https://8c0a19bf-a2d2-40b6-a0ea-bfe93aeb6d48.usrfiles.com/ugd/8c0a19_746f1452e7d14a23890b63d5ebb4527d.pdf,eb6e6971-d32d-d773-d57d-8b3e3254cd30,https://www.south-bay-bio.com/product-page/europium-cryptate-ubiquitin-human-recombinant
"Fluorescein-Ubiquitin (6-FAM-Ub), human recombinant",SBB-TR0016,163060016,https://8c0a19bf-a2d2-40b6-a0ea-bfe93aeb6d48.usrfiles.com/ugd/8c0a19_ab73954cf878418aa720813aa6ce85ec.pdf,e4e2789d-5f45-f347-9667-5f6ab353e840,https://www.south-bay-bio.com/product-page/fluorescein-ubiquitin-6-fam-ub-human-recombinant
HA-Ubiquitin-Propargylamide,SBB-PS0124,190690124,https://8c0a19bf-a2d2-40b6-a0ea-bfe93aeb6d48.usrfiles.com/ugd/8c0a19_ace8494eeb7340c48aa0e53d7b593abf.pdf,3a1e51fc-586f-ac5b-023e-c41e4d8d304c,https://www.south-bay-bio.com/product-page/ha-ubiquitin-propargylamide
HA-Ubiquitin-Vinyl Methyl Ester,SBB-PS0123,190690123,https://8c0a19bf-a2d2-40b6-a0ea-bfe93aeb6d48.usrfiles.com/ugd/8c0a19_1d51380a08534504a5f58db48a3c83b1.pdf,5065a49d-e0dc-aea0-a22e-c1d6bb6e6c6b,https://www.south-bay-bio.com/product-page/ha-ubiquitin-vinyl-methyl-ester
HA-Ubiquitin-Vinyl Pentyl Sulfone,SBB-PS0125,190690125,https://8c0a19bf-a2d2-40b6-a0ea-bfe93aeb6d48.usrfiles.com/ugd/8c0a19_7a690726b14340e89f4b5956435b3439.pdf,98142468-ed8a-6662-f560-12ca933c9bff,https://www.south-bay-bio.com/product-page/ha-ubiquitin-vinyl-pentyl-sulfone
HA-Ubiquitin-Vinyl Sulfone,SBB-PS0122,190690122,https://8c0a19bf-a2d2-40b6-a0ea-bfe93aeb6d48.usrfiles.com/ugd/8c0a19_e73d645bbc714a1f9b6ce7b0ba9dc060.pdf,aa2f161e-e066-1272-e3bb-29145ee1a7b4,https://www.south-bay-bio.com/product-page/ha-ubiquitin-vinyl-sulfone
His10-SARS-CoV-2 (PLpro),SBB-DE0127,,https://8c0a19bf-a2d2-40b6-a0ea-bfe93aeb6d48.usrfiles.com/ugd/8c0a19_0da6486e1d644036a36a0132f5db4de3.pdf,80105cde-11b2-3b97-2369-029e899b56ba,https://www.south-bay-bio.com/product-page/his10-sars-cov-2-plpro
His10-SARS-CoV-2 Mpro (3CLpro),SBB-DE0129,,https://8c0a19bf-a2d2-40b6-a0ea-bfe93aeb6d48.usrfiles.com/ugd/8c0a19_95c1c77cb7294e618de3a0c32a5cd6fe.pdf,0d1dcdf6-ae33-fb4a-e6cd-2598c75a9d6b,https://www.south-bay-bio.com/product-page/his10-sars-cov-2-mpro-3clpro
"His6-NEDP1, human recombinant",SBB-DE0025,163060025,https://8c0a19bf-a2d2-40b6-a0ea-bfe93aeb6d48.usrfiles.com/ugd/8c0a19_307a13389f6f424e8557348c45f33820.pdf,d06eee92-2540-7e31-0af4-637d63728ec7,https://www.south-bay-bio.com/product-page/his6-nedp1-human-recombinant
"His6-Poly-Ubiquitinated p53, human recombinant",SBB-US0012,163060012,https://8c0a19bf-a2d2-40b6-a0ea-bfe93aeb6d48.usrfiles.com/ugd/8c0a19_e8a8d41ba85d414fafef68d2e028f633.pdf,662b145d-3cc0-0062-9f71-f606c91abf03,https://www.south-bay-bio.com/product-page/his6-poly-ubiquitinated-p53-human-recombinant
"His6-SARS-CoV (PLpro), SARS Coronavirus recombinant",SBB-DE0024,163060024,https://8c0a19bf-a2d2-40b6-a0ea-bfe93aeb6d48.usrfiles.com/ugd/8c0a19_ad13b9d3f2b94392bb84a58336c59a75.pdf,e4230120-fc64-08ae-9102-ff65b67af1fa,https://www.south-bay-bio.com/product-page/his6-sars-cov-plpro-sars-coronavirus-recombinant
"His6-SENP1, human recombinant",SBB-DE0026,163060022,https://8c0a19bf-a2d2-40b6-a0ea-bfe93aeb6d48.usrfiles.com/ugd/8c0a19_fa255b40420f40ceba4f9918a0213489.pdf,a4bb5853-44e0-068f-b645-c9bf7917d08b,https://www.south-bay-bio.com/product-page/his6-senp1-human-recombinant
"His6-UBE2K, human recombinant",SBB-CE0022,163060022,https://8c0a19bf-a2d2-40b6-a0ea-bfe93aeb6d48.usrfiles.com/ugd/8c0a19_49b64efe5eb14522921f21d9e35fc286.pdf,981096df-0524-a32d-ad5b-1da3e409e63f,https://www.south-bay-bio.com/product-page/his6-ube2k-human-recombinant
His8- Avi-DDB1-biotinylated,SBB-SC0140,243120140,https://8c0a19bf-a2d2-40b6-a0ea-bfe93aeb6d48.usrfiles.com/ugd/8c0a19_1516621a715140d69cd4673701f7d91c.pdf,48f4040a-9964-2a9e-9633-86ddb6d412bf,https://www.south-bay-bio.com/product-page/avi-ddb1-biotinylated
ISG15 Rhodamine 110,SBB-PS0002,163060002,https://8c0a19bf-a2d2-40b6-a0ea-bfe93aeb6d48.usrfiles.com/ugd/8c0a19_c6d1c3e8bb0746cb86bb9d8e70485910.pdf,1132127b-e7be-5662-f398-4cf9c9c7642e,https://www.south-bay-bio.com/product-page/isg15-rhodamine-110
ITCH E3 Ligase TR-FRET Kit,SBB-KF0035,172440035,https://8c0a19bf-a2d2-40b6-a0ea-bfe93aeb6d48.usrfiles.com/ugd/8c0a19_a4b7246893ec466ca5488278bd2bf49f.pdf,c6858956-5acc-476d-5a4f-34329ff82f79,https://www.south-bay-bio.com/product-page/itch-e3-ligase-tr-fret-kit
K11 Di-Ubiquitin,SBB-UP0063,181940063,https://8c0a19bf-a2d2-40b6-a0ea-bfe93aeb6d48.usrfiles.com/ugd/8c0a19_dcf8ed91f56947ecb490cd52f3c1ee50.pdf,8098144c-618a-f9db-7234-89988bab4b58,https://www.south-bay-bio.com/product-page/k11-di-ubiquitin
K11 Tetra-Ubiquitin,SBB-UP0064,181940064,https://8c0a19bf-a2d2-40b6-a0ea-bfe93aeb6d48.usrfiles.com/ugd/8c0a19_089f888bcf774d6cbdddc6e8582cc1a0.pdf,51914e5b-ebba-0f0f-9f20-59608d983d56,https://www.south-bay-bio.com/product-page/k11-tetra-ubiquitin
K29 Di-Ubiquitin,SBB-UP0077,181940077,https://8c0a19bf-a2d2-40b6-a0ea-bfe93aeb6d48.usrfiles.com/ugd/8c0a19_d0d479bf8d2b43e9b10b5331c3b45f6a.pdf,3bf70858-f68d-41e4-4891-cc8fbf080886,https://www.south-bay-bio.com/product-page/k29-di-ubiquitin
K29 Tetra-Ubiquitin,SBB-UP0078,181940078,https://8c0a19bf-a2d2-40b6-a0ea-bfe93aeb6d48.usrfiles.com/ugd/8c0a19_3635dac666dc4c3891a8e9629ea0559e.pdf,67d6612a-92a2-368a-6f61-09ca672199f2,https://www.south-bay-bio.com/product-page/k29-tetra-ubiquitin
K33 Di-Ubiquitin,SBB-UP0066,181940066,https://8c0a19bf-a2d2-40b6-a0ea-bfe93aeb6d48.usrfiles.com/ugd/8c0a19_fab1bfa5a867455a9665608e59fde4e9.pdf,1cfb5fc3-33b0-05b7-370b-7fa25e3e9513,https://www.south-bay-bio.com/product-page/k33-di-ubiquitin
K33 Tetra-Ubiquitin,SBB-UP0067,181940067,https://8c0a19bf-a2d2-40b6-a0ea-bfe93aeb6d48.usrfiles.com/ugd/8c0a19_161dfc9bc1934e83bb2aefaa4becae24.pdf,7528acba-f6f4-cf80-4f88-a0c1ef978f3b,https://www.south-bay-bio.com/product-page/k33-tetra-ubiquitin
K48 Di-Ubiquitin,SBB-UP0069,181940069,https://8c0a19bf-a2d2-40b6-a0ea-bfe93aeb6d48.usrfiles.com/ugd/8c0a19_3809018219d94a8aa4deb8c361996fdf.pdf,90e6eaf2-f665-c464-d6ce-e5878a946b33,https://www.south-bay-bio.com/product-page/k48-di-ubiquitin
K48 Penta-Ubiquitin,SBB-UP0172,242470172,https://8c0a19bf-a2d2-40b6-a0ea-bfe93aeb6d48.usrfiles.com/ugd/8c0a19_92b432205c5541228c1f0ebd3d87db15.pdf,4d04dc0c-e7a9-d4ec-1f04-136ff4ad7fe5,https://www.south-bay-bio.com/product-page/k48-penta-ubiquitin
K48 Tetra-Ubiquitin,SBB-UP0070,181940070,https://8c0a19bf-a2d2-40b6-a0ea-bfe93aeb6d48.usrfiles.com/ugd/8c0a19_70c1eff8d64e45d9bbaf3daf617b2b7b.pdf,49442e85-4209-5eea-4a0e-a3b1d5dc0f31,https://www.south-bay-bio.com/product-page/k48-tetra-ubiquitin
K48 Tri-Ubiquitin,SBB-UP0171,243020171,https://8c0a19bf-a2d2-40b6-a0ea-bfe93aeb6d48.usrfiles.com/ugd/8c0a19_bf5e804c27fe452fb8342797a9f12954.pdf,33e1fabc-de66-9534-593e-8ce235c73713,https://www.south-bay-bio.com/product-page/k48-tri-ubiquitin
K6 Di-Ubiquitin,SBB-UP0060,181940060,https://8c0a19bf-a2d2-40b6-a0ea-bfe93aeb6d48.usrfiles.com/ugd/8c0a19_468c956494fd401380b911c316dab114.pdf,e020555b-9d8b-f96a-0696-7e38a99fdc8f,https://www.south-bay-bio.com/product-page/k6-di-ubiquitin
K6 Tetra-Ubiquitin,SBB-UP0061,181940064,https://8c0a19bf-a2d2-40b6-a0ea-bfe93aeb6d48.usrfiles.com/ugd/8c0a19_b5e4eb5af9eb4d2399687cba7b17636e.pdf,7c0347c1-b980-e73e-f31b-01df18a28e3e,https://www.south-bay-bio.com/product-page/k6-tetra-ubiquitin
K63 Di-Ubiquitin,SBB-UP0072,181940072,https://8c0a19bf-a2d2-40b6-a0ea-bfe93aeb6d48.usrfiles.com/ugd/8c0a19_6e261ed812624359b9753b1d5a9e0313.pdf,a9553c55-72df-f375-5285-91c64d3d45f7,https://www.south-bay-bio.com/product-page/k63-di-ubiquitin
K63 Tetra-Ubiquitin,SBB-UP0073,181940073,https://8c0a19bf-a2d2-40b6-a0ea-bfe93aeb6d48.usrfiles.com/ugd/8c0a19_fed674fd033941b49433f85e2e4d82b4.pdf,2eb92e86-7132-4550-f51d-5dfc21166cea,https://www.south-bay-bio.com/product-page/k63-tetra-ubiquitin
M1 Di-Ubiquitin,SBB-UP0075,181940075,https://8c0a19bf-a2d2-40b6-a0ea-bfe93aeb6d48.usrfiles.com/ugd/8c0a19_00235ae2c0dd4a658d8604238130ec8d.pdf,fee0d134-99f9-677d-3230-b1c856af602b,https://www.south-bay-bio.com/product-page/m1-di-ubiquitin
M1 Tetra-Ubiquitin,SBB-UP0119,181940119,https://8c0a19bf-a2d2-40b6-a0ea-bfe93aeb6d48.usrfiles.com/ugd/8c0a19_9c2b6d52f4a24a63b1954bfc19e053d9.pdf,e78cd80f-3938-be0f-83c6-66781def4d26,https://www.south-bay-bio.com/product-page/m1-tetra-ubiquitin
MDM2 E3 Ligase TR-FRET Kit,SBB-KF0030,172440030,https://8c0a19bf-a2d2-40b6-a0ea-bfe93aeb6d48.usrfiles.com/ugd/8c0a19_fd7f4d3b3f81469dad0a9254c2251d35.pdf,b680829d-72a5-39fe-1ed3-2291bcd93748,https://www.south-bay-bio.com/product-page/mdm2-e3-ligase-tr-fret-kit
NEDD4 E3 Ligase TR-FRET Kit,SBB-KF0056,173050056,https://8c0a19bf-a2d2-40b6-a0ea-bfe93aeb6d48.usrfiles.com/ugd/8c0a19_16944b738f7e4aa9865fff67c615976f.pdf,474bcdc3-befa-978a-0b4f-117e966c3212,https://www.south-bay-bio.com/product-page/nedd4-e3-ligase-tr-fret-kit
NEDD8 Rhodamine 110,SBB-PS0003,163060003,https://8c0a19bf-a2d2-40b6-a0ea-bfe93aeb6d48.usrfiles.com/ugd/8c0a19_2fad52142f96444b9670b59ff382e342.pdf,225c9d9d-fcda-5e3d-e572-55276842f6a9,https://www.south-bay-bio.com/product-page/nedd8-rhodamine-110
NEDD8-AMC,SBB-PS0044,172440044,https://8c0a19bf-a2d2-40b6-a0ea-bfe93aeb6d48.usrfiles.com/ugd/8c0a19_17e1af0b7e164f8386160972fb6b74fd.pdf,305874f2-5937-16bd-2742-8cb03e5117bc,https://www.south-bay-bio.com/product-page/nedd8-amc
Parkin (PARK2),SBB-CE0055,,https://8c0a19bf-a2d2-40b6-a0ea-bfe93aeb6d48.usrfiles.com/ugd/8c0a19_cea19c68946d4369bf5071efd028646a.pdf,fd87f1ac-3107-f9f3-309c-60102fecd798,https://www.south-bay-bio.com/product-page/parkin-park2
Parkin E3 Ligase TR-FRET Kit,SBB-KF0036,172440036,https://8c0a19bf-a2d2-40b6-a0ea-bfe93aeb6d48.usrfiles.com/ugd/8c0a19_9b9ce45b8d544bfd8f9fb79434509069.pdf,8ca91d78-b12f-d976-bae2-4f15acf4088e,https://www.south-bay-bio.com/product-page/parkin-e3-ligase-tr-fret-kit
Skp1/His6-Skp2,SBB-SC0118-50,,https://8c0a19bf-a2d2-40b6-a0ea-bfe93aeb6d48.usrfiles.com/ugd/8c0a19_573549c325a042bc9ee66ae69fcbaf6b.pdf,e46ee087-cb9b-b955-d8a6-9c5aeff4eff6,https://www.south-bay-bio.com/product-page/skp1-skp2-recombinant-protein
Skp1/His6-Skp2,SBB-SC0118-50,,https://8c0a19bf-a2d2-40b6-a0ea-bfe93aeb6d48.usrfiles.com/ugd/8c0a19_7034d66684d8496eb5c2edece7b7cd45.pdf,e46ee087-cb9b-b955-d8a6-9c5aeff4eff6,https://www.south-bay-bio.com/product-page/skp1-skp2-recombinant-protein
Suc-Leu-Leu-Val-Tyr-AMC (LLVY-AMC),SBB-PS0010,163060010,https://8c0a19bf-a2d2-40b6-a0ea-bfe93aeb6d48.usrfiles.com/ugd/8c0a19_5ae014cc51bb45c0849b0387ca8c7e9e.pdf,bbb0d318-2862-4bf6-586f-83400beef770,https://www.south-bay-bio.com/product-page/suc-leu-leu-val-tyr-amc-llvy-amc
SUMO1 Rhodamine 110,SBB-PS0028,163060028,https://8c0a19bf-a2d2-40b6-a0ea-bfe93aeb6d48.usrfiles.com/ugd/8c0a19_62176c500e614412919a3d74ae6bee19.pdf,044a5b6d-f17a-3b43-ecdf-72d96563aa83,https://www.south-bay-bio.com/product-page/sumo1-rhodamine-110
SUMO2-Rhodamine 110,SBB-PS0029,163060029,https://8c0a19bf-a2d2-40b6-a0ea-bfe93aeb6d48.usrfiles.com/ugd/8c0a19_113fced94e4a4048aba61212d735aa1f.pdf,5c1fbdbf-c17f-d4a1-580d-e697eb4f1434,https://www.south-bay-bio.com/product-page/sumo2-rhodamine-110
"UBE2D1, human recombinant",SBB-CE0021,163060021,https://8c0a19bf-a2d2-40b6-a0ea-bfe93aeb6d48.usrfiles.com/ugd/8c0a19_d5bef8218d8149ab875fff0ac8951d2a.pdf,5b629d6d-151d-6f4d-e481-856a9a2dd8f0,https://www.south-bay-bio.com/product-page/ube2d1-human-recombinant
"UBE2D2, human recombinant",SBB-CE0027,163060027,https://8c0a19bf-a2d2-40b6-a0ea-bfe93aeb6d48.usrfiles.com/ugd/8c0a19_273ee9be110d43f4bb0d2be2a80b5dd6.pdf,7a3eff91-bb8b-fa85-4369-c20a15410c00,https://www.south-bay-bio.com/product-page/ube2d2-human-recombinant
"UBE2D3, human recombinant",SBB-CE0019,163060019,https://8c0a19bf-a2d2-40b6-a0ea-bfe93aeb6d48.usrfiles.com/ugd/8c0a19_f95f332153a54f6f95553e0407b39f98.pdf,f5285737-543d-0d52-6177-83684e11419a,https://www.south-bay-bio.com/product-page/ube2d3-human-recombinant
"UBE2L3, human recombinant",SBB-CE0020,163060020,https://8c0a19bf-a2d2-40b6-a0ea-bfe93aeb6d48.usrfiles.com/ugd/8c0a19_696692de36ab40b29698485c198e7021.pdf,655f9caf-3404-6c81-4f07-8ba79644f89b,https://www.south-bay-bio.com/product-page/ube2l3-human-recombinant
UBE3A-His₈ (E6AP),SBB-CE0090,232710090,https://8c0a19bf-a2d2-40b6-a0ea-bfe93aeb6d48.usrfiles.com/ugd/8c0a19_0bc53c8962934b8d86e109b84133a2af.pdf,a507b20b-ae77-6ce8-9a88-957c6826c8b3,https://www.south-bay-bio.com/product-page/ube3-his-e6ap
"Ubiquitin Activating Enzyme (UBA1), human recombinant (His-tagged)",SBB-CE0058,180770058,https://8c0a19bf-a2d2-40b6-a0ea-bfe93aeb6d48.usrfiles.com/ugd/8c0a19_435fbb34739342f4859b3d349b3aceec.pdf,04501e77-07bb-8108-430b-9fe06fa5f609,https://www.south-bay-bio.com/product-page/ubiquitin-activating-enzyme-uba1-human-recombinant-his-tagged
"Ubiquitin Activating Enzyme (UBA1), human recombinant",SBB-CE0011,163060011,https://8c0a19bf-a2d2-40b6-a0ea-bfe93aeb6d48.usrfiles.com/ugd/8c0a19_045163be0c414f61845a1dca6199ee82.pdf,14a8e25f-dc2a-3a7e-118d-09dfadf03988,https://www.south-bay-bio.com/product-page/ubiquitin-activating-enzyme-uba1-human-recombinant
Ubiquitin Rhodamine 110,SBB-PS0001,163060001,https://8c0a19bf-a2d2-40b6-a0ea-bfe93aeb6d48.usrfiles.com/ugd/8c0a19_733bd431b38842ee98e6746e961356f2.pdf,7b1d4781-374b-eb5a-06d3-137e00a43478,https://www.south-bay-bio.com/product-page/ubiquitin-rhodamine-110
Ubiquitin-Aldehyde,SBB-PS0031,172440031,https://8c0a19bf-a2d2-40b6-a0ea-bfe93aeb6d48.usrfiles.com/ugd/8c0a19_c511cc443d8b4d2aa368986127854e84.pdf,feea349b-8bf2-baa1-5d50-ef4754c2cc7c,https://www.south-bay-bio.com/product-page/ubiquitin-aldehyde
Ubiquitin-AMC,SBB-PS0043,172440043,https://8c0a19bf-a2d2-40b6-a0ea-bfe93aeb6d48.usrfiles.com/ugd/8c0a19_52f058fc7fce48cab7c760915869c270.pdf,24752484-1860-1cb5-b71e-71740477d694,https://www.south-bay-bio.com/product-page/ubiquitin-amc
Ubiquitin-Propargylamide,SBB-PS0034,172440034,https://8c0a19bf-a2d2-40b6-a0ea-bfe93aeb6d48.usrfiles.com/ugd/8c0a19_f107fe5717ae411bb8992e8de5de387e.pdf,aab1738a-bf40-03f7-0b83-90a10c88d177,https://www.south-bay-bio.com/product-page/ubiquitin-propargylamide
Ubiquitin-Vinyl Methyl Ester,SBB-PS0033,172440033,https://8c0a19bf-a2d2-40b6-a0ea-bfe93aeb6d48.usrfiles.com/ugd/8c0a19_698a946e34ca46f4b7563a8f03eae4bd.pdf,074416a3-90a0-c836-0915-7e86ae681fc9,https://www.south-bay-bio.com/product-page/ubiquitin-vinyl-methyl-ester
Ubiquitin-Vinyl Sulfone,SBB-PS0032,172440032,https://8c0a19bf-a2d2-40b6-a0ea-bfe93aeb6d48.usrfiles.com/ugd/8c0a19_af137d3ad440463d81b8a41578d2e18e.pdf,b0c82172-cd51-f300-c86f-d64d2fcb1613,https://www.south-bay-bio.com/product-page/ubiquitin-vinyl-sulfone
"Ubiquitin, human recombinant",SBB-UP0013,163060013,https://8c0a19bf-a2d2-40b6-a0ea-bfe93aeb6d48.usrfiles.com/ugd/8c0a19_0b228567fcfe4f02bed02a58cda836d1.pdf,9df0f2f6-6aae-80c2-d4a2-5d281fb798d9,https://www.south-bay-bio.com/product-page/ubiquitin-human-recombinant
"UCHL3, human recombinant",SBB-DE0023,163060023,https://8c0a19bf-a2d2-40b6-a0ea-bfe93aeb6d48.usrfiles.com/ugd/8c0a19_c6a0ba21a33946e0aaa4aecf75963f77.pdf,1454a275-9d7c-fd39-025d-1978eea978f3,https://www.south-bay-bio.com/product-page/uchl3-human-recombinant
XIAP E3 Ligase TR-FRET Kit,SBB-KF0057,173050057,https://8c0a19bf-a2d2-40b6-a0ea-bfe93aeb6d48.usrfiles.com/ugd/8c0a19_2bd58e6a0bc044439df3c67db30e80a6.pdf,87bffc3e-4b7f-efb3-eb8a-244bac684179,https://www.south-bay-bio.com/product-page/xiap-e3-ligase-tr-fret-kit
Z-Leu-Leu-Glu-AMC (Z-LLE-AMC),SBB-PS0006,163060006,https://8c0a19bf-a2d2-40b6-a0ea-bfe93aeb6d48.usrfiles.com/ugd/8c0a19_db205498f08f406e915cbfce15d3e833.pdf,ac553f54-f0c0-6199-1205-bd3e7894c6f7,https://www.south-bay-bio.com/product-page/z-leu-leu-glu-amc-lle-amc
